mean_temp,mean_humidity,mean_windspeed,mean_atemp,sd_temp,sd_humidity,sd_windspeed,sd_atemp
20.23085982,61.88645967,12.79939541,23.65508405,7.791589844,19.24503328,8.164537327,8.474600626
